{
  "rulesDirectory": [
    "node_modules/codelyzer"
  ],
  "rules": {
    "directive-selector-name": [true, "camelCase"],
    "component-selector-name": [true, "kebab-case"],
    "directive-selector-type": [true, "attribute"],
    "component-selector-type": [true, "element"],
    "directive-selector-prefix": [true, "ae"],
    "component-selector-prefix": [true, "ae"],
    "use-input-property-decorator": true,
    "use-output-property-decorator": true,
    "use-host-property-decorator": true,
    "no-attribute-parameter-decorator": true,
    "no-input-rename": true,
    "no-output-rename": true,
    "no-forward-ref" :true,
    "use-life-cycle-interface": true,
    "use-pipe-transform-interface": true,
    "pipe-naming": [true, "camelCase", "sg"],
    "component-class-suffix": true,
    "directive-class-suffix": true,
    "import-destructuring-spacing": true,
    "class-name": true,
    "curly": false,
    "eofline": true,
    "indent": [
      true,
      "spaces"
    ],
    "max-line-length": [
      true,
      300
    ],
    "member-ordering": [
      true,
      "public-before-private",
      "static-before-instance",
      "variables-before-functions"
    ],
    "no-arg": true,
    "no-construct": true,
    "no-duplicate-key": true,
    "no-duplicate-variable": true,
    "no-empty": false,
    "no-eval": true,
    "trailing-comma": true,
    "no-trailing-whitespace": false,
    "no-unused-expression": true,
    "no-unused-variable": false,
    "no-unreachable": true,
    "no-use-before-declare": true,
    "one-line": [
      true,
      "check-open-brace",
      "check-catch",
      "check-else",
      "check-whitespace"
    ],
    "quotemark": [
      true,
      "single"
    ],
    "semicolon": true,
    "triple-equals": [
      false,
      "allow-null-check"
    ],
    "variable-name": false,
    "whitespace": [
      true,
      "check-branch",
      "check-decl",
      "check-operator",
      "check-separator",
      "check-type"
    ]
  }
}
